WC SKU,Website product name,QBO code,QBO description
AHF-PEACH-18-1,"18"" USA. WHITE PEACH 美国白桃",7008,"18"" USA. WHITE PEACH 美国白桃"
AHF-WOGAM-3840,"38/40"" CHINA WOGAM 沃柑",WG5,"38/40"" CHINA WOGAM 沃柑"
B2B-PERSIMMON40,"40"" NZ PERSIMMON 纽西兰柿子",6023.6,"40"" NZ PERSIMMON 纽西兰柿子"
AHF-BINGTANGLI-9,"9"" BING TANG LI 冰糖梨",AHF-BTL,
AHF-CHERRYRAINIER-9r,4kg 9R RAINIER CHERRY 白车厘子,1009,"4KG 9R"" RAINIER CHERRY 白车厘子"
AHF-DURIANSPOTATO-1,30 x 350g CHINA PEANUT 陈皮花生,S.3,30 x 350g CHINA PEANUT 陈皮花生
AHF-DURIANSPOTATO,40 x 500g CHINA DURIAN SWEET POTATO 榴莲番薯,9063,40 x 500g CHINA DURIAN SWEET POTATO 榴莲番薯
AHF-CHERRYRAINIER-1-1,4kg 9.5R RAINIER CHERRY 白车厘子,AHF-9.5RUSRAINER,1010 4KG 9 5R RAINIER CHERRY 白车厘子
AHF-CHERRYTURKEY-1,"5kg 28mm"" TUR. CHERRY 土耳其樱桃",RC.6,"5kg 28mm"" TUR. CHERRY 土耳其樱桃"
B2B-PEAR-RED-SA-BOX-45,"48"" SA RED PEAR 非洲红耙",B2B-REDPEAR48,0009 48 SA RED PEAR 非洲红耙
AHF-FRAGRANT-XXL-1-1-1,HW FRAGRANT PEAR XXL (7kg) 大香梨,AHF-HWFPEAR,4007.3 HW FRAGRANT PEAR XXL 7kg 大香梨
AHF-CHERRYTURKEY,"5kg 30mm"" TUR. CHERRY 土耳其樱桃",1053,"5kg 30mm"" TUR. CHERRY 土耳其樱桃"
AHF-GRAPE-MUSCAT-2,5kg CHINA MUSCAT 杨光葡萄,AHF-STYMUSCAT,7002.29 5kg CHINA MUSCAT 杨光葡萄
AHF-PINEAPPLE-TW7,"7"" DOLE TAIWAN PINEAPPLE 台湾宾黄梨",AHF-8TWPINE,5021.4 8 DOLE TAIWAN PINEAPPLE 台湾宾黄梨
AHF-CHERRYRAINIER-1,RAINIER CHERRY 白车厘子 (kg),B2C-RAINIER,9033 RAINIER CHERRY 白樱桃 kg
AHF-LEMONSA100,"100"" SA. LEMON 非洲柠檬",3010,"100"" SA. LEMON 非洲柠檬"
AHF-FFALL-PLUM-2,10kg 68mm FLAVOR FALL PLUM 澳洲红李子,1060.4,10kg 48mm FLAVOR FALL PLUM 澳洲红李子
AHF-KOREAPEAR,"8"" KOREAN PEAR 韩国梨",K1.3,"8"" KOREAN PEAR 韩国梨"
AHF-DRAGON-Y-8-1,"8"" CHINA YELLOW DRAGONFRUIT 黄色龙珠果",AHF-8CNYDF,W-T05 8 CHINA YELLOW DRAGONFRUIT 黄色龙珠果
AHF-ENVY-80,"80"" NZ. ENVY APPLE 新西兰爱妃苹果",2038-1,"80"" NZ. ENVY APPLE 新西兰爱妃苹果"
AHF-ENVY-28-1,"30"" NZ. ENVY APPLE 新西兰爱妃苹果",AHF-ENVY30,2021.4 30 NZ ENVY APPLE 新西兰爱妃苹果
AHF-1x16-LYCHEE,12 x 600g LYCHEE 中国妃子笑荔枝,5015.5,12 x 600g LYCHEE 中国妃子笑荔枝
B2B-APPLE-FUJI-2,"[TRUCAPE] 120"" SA. FUJI APPLE 非洲富士",AHF-TC120FUJI,2012.2 TRUCAPE 120 SA FUJI APPLE 非洲富士
AHF-GUAVA-1-1,GUAVA 番石榴 (pc),9025,GUAVA 番石榴 (pcs)
B2B-APPLE-FUJI-1,"[DUT/WHITE] 135"" SA. FUJI APPLE [白箱]非洲富士",AHF-DUT135SAFUJI,2001 DUT WHITE 135 SA FUJI APPLE 白箱 非洲富士
AHF-MANDARINORANGE,"60"" EGYPT HONEY MAN. ORANGE 埃及柑",3038.2.1,"60"" EGYPT HONEY MAN. ORANGE 埃及柑"
AHF-9KG-LYCHEE-1,CHINA LYCHEE [FZX] 中国妃子笑荔枝 (kg),5015.6,LYCHEE 荔枝 (kg)
AHF-POMEGRANATE-9-1,"10"" SA. POMEGRANATE 石榴",9026.3,"8/10"" SA. POMEGRANATE 石榴"
AHF-MUSKMELONCN,"6"" CHINA MUSKMELON 中国香瓜",5011.1,"6"" CHINA MUSKMELON 中国香瓜"
AHF-CHERRY-1-1,"5kg 9.5R"" US. CHERRY 美国车厘子",AHF-9.5RUSC,1008 5kg 9 5R US CHERRY 美国车厘子
AHF-ANGELINOAUS,10kg 60mm AUS. ANGELINO PLUM 澳洲黑红李子,9062.2,10kg 60mm AUS. ANGELINO PLUM 澳洲黑红李子
AHF-NZA1-1-1-2,"80"" NZ. AMBROSIA APPLE 纽西兰苹果",3307.1,"80"" NZ. AMBROSIA APPLE 纽西兰苹果"
AHF-STRAWBERRY-USA-1,250g USA. STRAWBERRY 美国草莓 (pkt),B2C-USASTRAW,KS1 250g USA STRAWBERRY 美国草莓
AHF-COCONUT-12-2,COCONUT THUMB 椰子水 (pc),w-003,COCONUT THUMB 椰水 (pc)
AHF-FRAGRANT-XXL-2,FRAGRANT PEAR XL (7kg) 小香梨,4007.1,FRAGRANT PEAR XL (7kg) 小香梨
B2B-MANGO-CAMBODIA -1-1,THAI. R2E2 澳洲芒果 (pc),9028,MANGO (pcs) 芒果
AHF-9KG-LYCHEE,9kg CHINA LYCHEE [FZX] 中国妃子笑荔枝,5015.7,9kg CHINA LYCHEE [FZX] 中国妃子笑荔枝
AHF-STRAWBERRY-JAP,2 x 250g JAPANESE STRAWBERRY 日本草莓,1035,2 x 250g JAPANESE STRAWBERRY 日本草莓
AHF-ORANGE-CARA-USA-2-1-1,EGYPT. M. ORANGE 埃及柑 (pc),9070,MANDARIN ORANGE (pcs) 柑
B2B-MANGO-CAMBODIA -1,MANGO - THAI. R2E2 澳洲芒果,14.9,MANGO - THAI. R2E2 泰国芒果
AHF-NZA1-1-1-1-1-1,Medium NZ. DAZZLE APP 纽西兰DAZ苹果 (pc),AHF-HUNNYZ-1-1,
AHF-NZA1-1-1-1,"80"" NZ. DAZZLE APP 纽西兰DAZ苹果",AHF-80NZDAZ,4019.4 80 NZ DAZZLE APP 纽西兰DAZ苹果
AHF-NZA1-1-1,"30"" NZ. DAZZLE APP 纽西兰DAZ苹果",AHF-30NZDAZ,4019.3 30 NZ DAZZLE APP 纽西兰DAZ苹果
AHF-NZA1-1,"70"" NZ. DAZZLE APP 纽西兰DAZ苹果",AHF-70NZDAZ,4019.1 70 NZ DAZZLE APP 纽西兰DAZ苹果
AHF-YANGMEI-1,YANG MEI 杨梅 (pkt),9075,YANG MEI (pkt)
AHF-YANGMEI,6 x 250g YANG MEI 杨梅,1052.1,6 x 250g YANG MEI 杨梅
AHF-AUS-ADORA,AUS. ADORA BLACK GRAPES 澳洲黑葡萄 (kg),7001.3,9kg AUS. ADORA BLACK GRAPES 澳洲黑葡萄
B2B-GRAPE-RED-9KG-1,9kg AUS ALLISON RED GRAPES 澳洲红葡萄,B2B-ALLISON,CNR 9kg AUS ALLISON RED GRAPES 澳洲红葡萄
B2B-RAMBUTAN,15kg RAMBUTAN 红毛丹,5003,15kg RAMBUTAN 红毛丹
AHF-KIWI-RED,"67"" ZESPRI RED KIWI 红肉奇异果",0007.3,"59"" ZESPRI RED KIWI 红肉奇异果"
B2B-APPLE-JOYA-BOX-150-1-2,"165"" SA. ROYAL BEAUTY 皇家美人苹果",AHF-165SARB,2041.2 165 SA ROYAL BEAUTY 皇家美人苹果
AHF-ORANGE-CARA-USA,"56"" USA. SUNKIST CARA CARA 美国红肉橙",3045.2,"56"" USA. SUNKIST CARA CARA 美国红肉橙"
B2B-MANGO-THAI-10KG-3-1,MANGO - THAI HONEY 5A 泰国芒果,0001.1 - copy,MANGO - THAI HONEY 5A 泰国芒果
AHF-WOGAM-3,8kg 85/90mm CN. WOGAM 中国沃柑,WG6,8kg 85/90mm CHINA WOGAM 沃柑
AHF-FUJI-FC,"100"" FUJI APPLE [FC] 中国富士苹果",2010,"100"" FUJI APPLE [FC] 中国富士苹果"
B2B-APPLEROSE,"80"" NZ. ROSE APPLE 纽西兰玫瑰苹果",2004,"80"" NZ. ROSE APPLE 纽西兰玫瑰苹果"
AHF-GREEN-SA-180,"180"" SA GREEN APPLE 非洲青苹果",2003.4,"180"" SA. GREEN APPLE  非洲青苹果"
B2B-FRUTIICO-1,AUS. AUTUMN CRISPS GRAPES 澳洲青葡萄 (kg),9020,GREEN GRAPES (1kg/pkt) 青葡萄
AHF-SUNKIST-LL,USA NAVEL ORANGE 美国三级星 (L),AHF-SUNKIST-L,
AHF-USASUNKIST-56,"56"" USA. SUNKIST NAVEL 美国三级星橙",3001,"56"" USA. SUNKIST NAVEL 美国三级星橙"
B2B-APPLE-GALA-135,"135"" SA. GALA APPLE 嘎啦苹果",2034,"T/C 135"" SA. GALA APPLE 非洲嘎啦苹果"
B2B-APPLE-RB120,"120"" SA. ROYAL BEAUTY 皇家美人苹果",2041.1,"120"" SA. ROYAL BEAUTY 皇家美人苹果"
AHF-LOQUAT,"1 X 16"" CHINA PIPA 中国琵琶",1063,"1 X 16"" CHINA PIPA 中国琵琶"
AHF-MULBERRY-1,10 x 200g CHINA MULBERRY 桑莓,MUL .1,10 x 200g CHINA MULBERRY 桑莓
AHF-EMPEROR-8KG,9kg CN. TANGERINE 中国王帝桔,3012.3,9kg CN. TANGERINE 中国柑仔
AHF-CHERRYTOMATOVINE-1,"11"" AUS. CUSTARD APPLE 釋迦果",2027.23,"11"" AUS. CUSTARD APPLE 釋迦果"
AHF-BINGTANGLI-6,"6"" BING TANG LI 冰糖梨",AHF-BTL,
B2B-MANGO-THAI-10KG-3,MANGO - THAI HONEY 6A 泰国芒果,B2B-MANGO6AHON,0001.25 MANGO THAI HONEY 6A 泰国芒果
B2B-PLUM-63-OCTSUN,10kg 63mm OCTOBER SUN PLUM 澳洲青红李子,1015.7,"63mm"" OCT SUN PLUM 澳洲青李子"
B2B-PERSIMMON-BOX-18,"18"" AUS. PERSIMMON 澳洲柿子",6026.2,"18"" AUS. PERSIMMON 澳洲柿子"
AHF-USASUNKIST-72,"72"" USA. SUNKIST NAVEL 美国肉橙",3002,"72"" USA. SUNKIST NAVEL 美国三级星橙"
AHF-ROCKMELON-6-2,"[STY] 6"" AUS. ROCKMELON 澳洲蜜瓜",AHF-RMELONLINE,9006 LINE 6 AUS ROCKMELON 澳洲蜜瓜
AHF-FUJI-BAOXIANG-88-1-1,"88"" FUJI APPLE [BX] 中国富士苹果",2017.1,"88"" FUJI APPLE [BX] 中国富士苹果"
B2B-800gREDPEAR,10 x 800g SA. RED PEAR 非洲红耙,4003.6,10 x 800g SA. RED PEAR 非洲红耙
AHF-EMPEROR-9KG-1-1,10kg SA/EGY. TANGERINE 桔子,AHF-SATANG,123 10kg SA TANGERINE 非洲柑仔
,OMAKASE FRUIT BOX 水果礼盒 - REGULAR,OMA,OMAKASE 水果盒
AHF-JUMBUVN,8kg VIETNAM JUMBU 越南水翁,1014-9,8kg VIETNAM JUMBU 越南水翁
B2B-MANGO-INDIA,MANGO - INDIA 印度芒果 8kg,B2B-MANGOIC,0001.8 MANGO INDIA ICE CREAM 印度芒果 4kg
AHF-ORANGE-EGY-40,"40"" EGYPT ORANGE 埃及水橙",3033.2,"40"" EGYPT ORANGE °£¼°³È"
B2B-APPLE-GALACTN,"120"" NZ. GALA APPLE 嘎啦苹果",2015.2,"120"" NZ. GALA APPLE 嘎啦苹果"
AHF-SA-PEAR-48,"48"" SA PEAR 非洲耙",AHF-SAPEAR48,4001.1 48 SA PEAR 非洲耙
AHF-NZQUEEN,"70"" NZ QUEEN APPLE 纽西兰皇后苹果",2038.5,"70"" NZ. QUEEN APPLE 纽西兰皇后苹果"
AHF-JUMBU-1-1,JUMBU [THAI ROSE APPLES] 水蓊 (pc),9064,JUMBU 水蓊 (pcs)
AHF-JUMBU-1,10kg 5A JUMBU [THAI ROSE APPLES] 水蓊,AHF-JUMBU5A,1041-2 5A JUMBU 水蓊 ctn
AHF-PLUM-AMBER-10KG-2-2-1-1,315g SA. SUGAR PRUNE 非洲蜜枣,1045,16 x 315g SA. SUGAR PRUNE 非洲蜜枣
AHF-SA-PEAR-1-1,SOUTH AFRICA PEAR 非洲耙 (S),AHF-SA-PEAR-1,9036 PEAR pcs 耙 梨
AHF-8X250GKSTRAW,8 x 250g KOR. STRAWBERRY 韩国草莓,1028,8 x 250g KOR. STRAWBERRY 韩国草莓
AHF-CHERRYTOMATOVINE,3kg CHERRY TOMATO ON VINE 樱桃番茄 [带藤],1017,CHERRY TOMATO ON VINE 樱桃番茄 [带藤]
B2B-PLUM-OCTSUN-68MM,10kg 67mm OCTOBER SUN PLUM 澳洲青红李子,1015.22,"67mm"" OCT SUN PLUM 澳洲青李子"
AHF-BLACKMAJESTIC,10kg AUS. BLACK MAJESTIC PLUM 澳洲黑李子,AHF-USA4040PLUM,1015.9 12 5kg USA 4040 BLACK PLUM 美国黑李子
AHF-FRENCHMELON,"5/6"" FRENCH MELON 法国瓜",6027,"5/6"" FRENCH MELON 法国瓜"
AHF-ROCKMELON-6-1-1-1,USA. KISS MELON 美国亲亲瓜 (pc),AHF-9KMELON,KM.1 8 9 USA KISS MELON 美国亲亲瓜
AHF-ROCKMELON-6-1-1,"8/9"" USA. KISS MELON 美国亲亲瓜",AHF-9KMELON,KM.1 8 9 USA KISS MELON 美国亲亲瓜
AHF-SA-PEAR-45-1-1-1-1,"60"" SA PEAR 非洲耙",AHF-SAPEAR60,4010 60 SA PEAR 非洲耙
AHF-SA-PEAR-45-1-1-1,"52"" SA PEAR 非洲耙",AHF-SAPEAR52,4001.2 52 SA PEAR 非洲耙
,OMAKASE FRUIT BOX 水果礼盒 - LUXURY,OMA,OMAKASE 水果盒
B2B-MANGO-THAI-10KG-2,MANGO - 4A RAINBOW 彩虹芒果,B2B-RBMANGO,0001.9 MANGO 5A RAINBOW 彩虹芒果
AHF-HAMIGUA-4-1,"5"" CN HAMIGUA 哈密瓜",AHF-5HAMI,
AHF-SA-PEAR-45-1-1,"45"" SA PEAR 非洲耙",AHF-SAPEAR45,4001 45 SA PEAR 非洲耙
AHF-USA-DATES,5kg USA MEDJOOL DATES 马来枣,MD.1,5kg USA MEDJOOL DATES 马来枣
AHF-CARROT,10kg AUS CARROT 萝卜,0006,CARROT (10kg) 萝卜
AHF-STRAWBERRYCN,8 x 330g D/C CHINA STRAWBERRY 中国草莓,CNS,8 x 330g D/C CHINA STRAWBERRY 中国草莓
AHF-SUNKIST-S-1,USA NAVEL ORANGE 美国三级星 (M),AHF-SUNKIST-L,9012 SUNKIST NAVEL 新奇士脐橙 pcs
AHF-USASUNKIST-113,"113"" USA. SUNKIST NAVEL 美国肉橙",3003,"113"" USA. SUNKIST NAVEL 美国三级星橙"
AHF-LOCSWEET,AUS LOCSWEET VALENCIA 澳洲水橙 (pc),2040-1,"138"" LOCSWEET ORANGE 澳洲橙"
AHF-SUNKIST-56-1,"138"" AUS LOCSWEET VALENCIA 澳洲水橙",2040-1,"138"" LOCSWEET ORANGE 澳洲橙"
AHF-ORANGE-EGY-48,"48"" EGYPT ORANGE 埃及肉橙",3037.2,"48"" EGYPT NAVEL ORANGE 埃及肉橙"
AHF-GRAPE-MUSCAT-1-1,500g SA/EGY GREEN GRAPES 非洲青葡萄,9020.2,GREEN GRAPES (500g/pkt) 青葡萄
AHF-GRAPE-MUSCAT-1,6 x 650g CN. MUSCAT 杨光葡萄,AHF-10MUSCAT,7002.5 10 x 500g CHINA MUSCAT 杨光葡萄
AHF-MANGO-THAI-1,1kg ATAP SEEDS 亞答子,AS,ATAP SEEDS 亞答子
AHF-PLUM-AMBER-10KG-2,10kg AUS BLACK PLUM 澳洲黑李子,AHF-USA4040PLUM,1015.9 12 5kg USA 4040 BLACK PLUM 美国黑李子
AHF-PRESERVED-MANGO,12 x 1kg INDONESIAN PRESERVED MANGO 水芒果,DRIED MANGO,DRIED PRESERVED MANGO 芒果水
AHF-CHESTNUT,24 packets/ctn CHESTNUT 开口栗子,9080.1,CHESTNUT 栗子 (24 packs/ctn)
AHF-BINGTANGLI-20,"18"" BING TANG LI 冰糖梨",BT.3,"18"" BING TANG LI 冰糖梨"
AHF-BINGTANGLI-8,"20"" BING TANG LI 冰糖梨",AHF-24BTL,BT.2 24 BING TANG LI 冰糖梨
AHF-EMPEROR-9KG-1,15kg SA/EGY. TANGERINE 桔子,3012.4,15kg SA/EGY. TANGERINE 非洲柑仔
AHF-REDSCANDY,10kg 65mm AUS S/CANDY PLUM 澳洲红宝石李子,SPL,10kg 65mm AUS S/CANDY PLUM 澳洲红宝石李子
B2B-OCTSUNPLUM,OCTOBER SUN PLUM 澳洲青红李子 (kg),9060,PLUM 李子 (kg)
B2B-PLUM-EMERALD-BOX-1-1,10kg 51mm OCTOBER SUN PLUM 澳洲青红李子,1015.6,"51mm"" OCT SUN PLUM 澳洲青李子"
B2B-PLUM-EMERALD-BOX-1,10kg 45/48mm OCTOBER SUN PLUM 澳洲青红李子,1015.4,"45/48mm"" OCT SUN PLUM 澳洲青李子"
AHF-AVOCADO-28HASS,"18"" AUS HASS AVOCADO 澳洲粗皮牛油果",AHF-AVOCADO-28,0003 28 AUS HASS AVOCADO 粗皮牛油果
AHF-COCONUT-12-1-1,15“ JELLY COCONUT 椰子果冻,5005,JELLY COCONUT 椰果 (15s/ctn)
AHF-GUAVA-1,10kg THAI GUAVA (ctn) 番石榴,5012,GUAVA 番石榴 (ctn)
AHF-COCONUT-12-1,"30"" THAI COCONUT 椰子",5006,"30"" COCONUT 椰子"
AHF-LONGAN-ORG-1KG-1,10KG ORGANIC LONGAN 有机龙眼,5024,LONGAN - ORGANIC 有机龙眼 (ctn)
B2B-DRAGON-YLW-BOX-1-1-1-1-1,"14"" WHITE DRAGONFRUIT 白龙珠果",B2B-14DRAGON,5009 14 DRAGONFRUIT 白龙珠果
AHF-AVOCADO-28-1,"28"" AUS SHEPARD AVOCADO 澳洲滑皮牛油果",0003.3,"28"" AUS. SHEPARD AVOCADO 滑皮牛油果"
AHF-STRAWBERRY-KR-1,4 x 300g KOREAN WHITE STRAWBERRY 韩国白草莓,1025,"1 x 4"" KOR. WHITE STRAWBERRY 韩国白草莓"
B2B-DRAGON-YLW-BOX-1-1-1-1,"16"" WHITE DRAGONFRUIT 白龙珠果",B2B-16DRAGON,5025.1 16 DRAGONFRUIT 白龙珠果
B2B-DRAGON-YLW-BOX-1-1-1,"KS 14"" WHITE DRAGONFRUIT 白龙珠果",B2B-KS14DRA,5009.1 KS 14 DRAGONFRUIT 白龙珠果
B2B-DRAGON-YLW-BOX-1-1,"7"" YELLOW DRAGONFRUIT 黄龙珠果",B2B-YELLOWDRAGON,9042.1 YELLOW DRAGONFRUIT pcs 黄龙珠果
B2B-DRAGON-YLW-BOX-1,"6"" YELLOW DRAGONFRUIT 黄龙珠果",B2B-YELLOWDRAGON,9042.1 YELLOW DRAGONFRUIT pcs 黄龙珠果
AHF-PINEAPPLE-7-1,"7"" DOLE PINEAPPLE 菲力宾黄梨",5021,"7"" DOLE PINEAPPLE 菲力宾黄梨"
AHF-ORANGE-CN-40-1,"48"" CHINA ORANGE 中国肉橙",W-T17,"48"" CHINA ORANGE 中国橙"
AHF-BLUEBERRY-J-10-2,12 x 125g JUMBO BLUEBERRY 大蓝莓,1003.10,12 X 125g JUMBO BLUEBERRY 大蓝莓
AHF-HUNNYZ-1-1,USA HUNNYZ APPLE 美国红苹果,9017,APPLE (pcs) 苹果
AHF-HUNNYZ-40-1,"80"" USA HUNNYZ APPLE 美国红苹果",EV.4,"80"" USA. HUNNYZ APP 美国 HUNNYZ 苹果"
B2B-APPLE-USAFUJI,"138"" USA FUJI APPLE 美国富士苹果",2025,"138"" USA. FUJI APPLE 美国富士"
AHF-FUJI-HH-32,"32"" FUJI APPLE [HH] 中国双红富士苹果",2008,"32"" FUJI APPLE 中国双红富士苹果"
B2B-APPLE-JOYA-BOX-1,"135"" SA JOYA APPLE 非洲小苹果",B2B-135JOYA,JY.3 135 SA JOYA APPLE 非洲翠红苹果
B2B-POMELO-BOX-1-1-1,"15"" SUNNY POMELO 柚子",AHF-15SUN,5011.5 15 SUNNY POMELO 柚子
B2B-POMELO-BOX-1-1,"12"" SUNNY POMELO 柚子",AHF-12SUN,5011 12 SUNNY POMELO 柚子
B2B-POMELO-BOX-1,"10"" SUNNY POMELO 柚子",AHF-10SUN,5011.4 10 SUNNY POMELO 柚子
B2C-POMELO-XL,SUNNY POMELO 柚子 (XL) (pc),B2C-POMELO,9057 POMELO 柚子 pcs
B2C-POMELO-L,SUNNY POMELO 柚子 (L) (pc),AHF-12SUN,5011 12 SUNNY POMELO 柚子
B2C-POMELO-M,SUNNY POMELO 柚子 (M) (pc),AHF-12SUN,5011 12 SUNNY POMELO 柚子
B2C-POMELO-S,SUNNY POMELO 柚子 (S) (pc),AHF-12SUN,5011 12 SUNNY POMELO 柚子
B2B-MELON-SPAIN-BOX,"6"" AUS. SPAIN MELON 澳洲西班牙瓜",B2B-SPMELON,6022.2 6 AUS SPAIN MELON 澳洲西班牙瓜
B2C-MELON-SPAIN,AUS. SPAIN MELON (pc),6022.5,AUS. SPAIN MELON 澳洲西班牙瓜 (pc)
B2B-APPLE-JOYA-BOX,"120"" SA JOYA APPLE 非洲小苹果",B2B-120JOYA,JY.2 120 SA JOYA APPLE 非洲翠红苹果
B2B-APPLE-JAP-ORIN-BOX,"36"" JAPANESE TOKI APPLE 日本王琳",7007.1,"36"" JAPANESE TOKI APPLE 日本王琳"
B2C-APPLE-JAP-ORIN,JAPANESE TOKI APPLE 日本王琳 (pc),B2B-APPLE-JAP-ORIN-BOX,7007.1 36 JAPANESE TOKI APPLE 日本王琳
B2C-PEAR-RED-SA,SA RED PEAR 非洲红耙 (pc),9031,RED PEAR 非洲红耙 (pcs)
B2B-POMELO-BOX,"8"" SUNNY POMELO 柚子",AHF-8SUN,5011.3 8 SUNNY POMELO 柚子
B2C-PERSIMMON,PERSIMMON (pc),9061,PERSIMMON 柿子 (pcs)
B2C-FLOWERS,FLOWERS FOR ADD ON,ADDON,FLOWERS 花束
B2B-MANGO-THAI-10KG,MANGO - THAI HONEY 4A 泰国芒果,0001.1,MANGO - THAI HONEY 4A 泰国芒果
B2C-MANGO-THAI,THAI HONEY MANGO (pc),9028,MANGO (pcs) 芒果
B2B-GRAPE-GRN-9KG,FRUITICO 9kg AUS. A/CRISPS GRAPES 澳洲青葡萄,7002.26,9kg FRUITICO A/CRISPS GRAPES 澳洲青葡萄
B2C-GRAPE-GRN,AUS GREEN GRAPES 澳洲青葡萄 (kg),9020,GREEN GRAPES (1kg/pkt) 青葡萄
AHF-WOGAM,15 x 800g CN. WOGAM 中国沃柑,1X17,15 x 800g CN. WOGAM 中国沃柑
AHF-SA-PEAR-70-1,"38"" SA PEAR 非洲耙",AHF-SAPEAR38,4000.4 38 SA PEAR 非洲耙
AHF-GREEN-SA-135-1,"120"" SA GREEN APPLE 非洲青苹果",2003-1,"120"" SA GREEN APPLE 非洲青苹果"
AHF-FUJI-HH-100,"100"" FUJI APPLE [HH] 中国双红富士苹果",2017.4,"100"" FUJI APPLE [HH] 中国双红富士苹果"
AHF-FUJI-HH-72,"72"" FUJI APPLE [HH] 中国双红富士苹果",2017,"72"" FUJI APPLE [HH] 中国双红富士苹果"
AHF-FUJI-HH-88,"88"" FUJI APPLE [HH] 中国双红富士苹果",2009.2,"88"" FUJI APPLE [HH] 中国双红富士苹果"
AHF-FRAGRANT-MANUAL,LARGE FRAGRANT PEAR 香梨 (pc),9043,FRAGRANT PEAR (pcs) 香梨
AHF-CONFERENCE-MANUAL,HOLLAND CONFERENCE PEAR 荷兰耙 (pc),AHF-CONFERENCE-1,
AHF-MANGO-THAI,MANGO - THAI KING 皇帝芒果,AHF-MANGOTK,0022 MANGO THAI KING 皇帝芒果
AHF-GUAVA,10kg PINK GUAVA,5012.3,PINK GUAVA 粉红番石榴 (ctn)
AHF-JUMBU,10kg 4A JUMBU [THAI ROSE APPLES] 水蓊,6024,4A JUMBU 水蓊 (ctn)
AHF-WATERMELON,WATERMELON (pc),9001,WATERMELON - RED (pcs) 西瓜
AHF-CHERRY,USA CHERRY 美国车厘子 (kg),9032,CHERRY 樱桃 (kg)
AHF-COCONUT-1,YOUNG COCONUT 椰子,5006,"30"" COCONUT 椰子"
AHF-POMEGRANATE-1,SOUTH AFRICAN POMEGRANATE 石榴,9056,POMEGRANATE 石榴 (pcs)
AHF-PAPAYA-1,PHILIPPINES SOLO PAPAYA 菲律宾木瓜,12.3,SOLO PAPAYA 菲力宾小木瓜 (pcs)
AHF-USAPEACH,USA. WHITE PEACH 美国白桃 (pc),9053,PEACH 白桃 (pcs)
AHF-PASSION-1,YELLOW PASSIONFRUIT 百香果 (pc),W-S06,PASSIONFRUIT 百香果 (pc)
AHF-DRAGON-Y-1,YELLOW DRAGONFRUIT 黄色龙珠果 (pc),B2B-YELLOWDRAGON,9042.1 YELLOW DRAGONFRUIT pcs 黄龙珠果
AHF-AVOCADO-S,AUSTRALIA SHEPHARD AVOCADO 澳洲牛油果 (pc),9022,AVOCADO (pcs) 牛油果
AHF-AVOCADO,AUSTRALIA HASS AVOCADO 澳洲牛油果 (pc),AHF-AVOCADO-28,0003 28 AUS HASS AVOCADO 粗皮牛油果
AHF-LONGAN-ORG-1KG,ORGANIC LONGAN 有机龙眼 (1kg),W-T08,LONGAN 龙眼 (kg)
AHF-LONGAN-500,LONGAN 龙眼 (1 kg),AHF-LONGAN-ORG-1KG,
AHF-BANANA-BUNCH,BANANA 香蕉 (per bunch),9072.1,BANANA (Bunch) 香蕉
AHF-PINEAPPLE-1,INDONESIA PINEAPPLE 印尼黄梨,9007.2,INDO. PINEAPPLE 印尼黄梨 (pc)
AHF-KIWI-GREEN-1,GREEN KIWI 青奇异果,9027,GREEN KIWI (pcs) 青奇异果
AHF-KIWI-GOLD-J-1,GOLD KIWI JUMBO 特大金奇异果,AHF-KIWI-GOLD-J-1,9049 JUMBO GOLD KIWI pcs
AHF-KIWI-GOLD-1,GOLD KIWI 金奇异果,9049,GOLD KIWI (pcs) 金奇异果
AHF-PLUM-AMBER-1,AUSTRALIA AMBER JEWEL PLUM 澳洲红宝石李子(kg),AHF-PLUM-RED-1,9060 RED PLUM 李子 kg
AHF-PLUM-RED-1,AUSTRALIA RED PLUM 澳洲红李子 (kg),9060,PLUM 李子 (kg)
AHF-COCONUT-12,"12"" COCONUT THUMB 椰子水",5006.1,"12"" COCONUT THUMB 椰水"
AHF-POMEGRANATE-9,"8"" SA. POMEGRANATE 石榴",9026.3,"8/10"" SA. POMEGRANATE 石榴"
AHF-PAPAYA-10,"10"" SOLO PAPAYA 菲利宾木瓜",0021,"10"" SOLO' PAPAYA 菲力宾小木瓜"
AHF-PAPAYA-8,"8"" SOLO PAPAYA 菲利宾木瓜",0021.2,"8"" SOLO PAPAYA 菲力宾小木瓜"
AHF-PEACH-18,"18"" AUS WHITE PEACH 澳洲白桃",7006.1,"18"" AUS. WHITE PEACH 澳洲白桃"
AHF-NECTARINE-10KG,10kg AUS WHITE NECTARINE 澳洲桃李,1042,10kg AUS. NECTARINE 澳洲桃李
AHF-PASSION-Y,YELLOW PASSIONFRUIT 百香果 (Carton),1051,2.5kg PASSIONFRUIT 百香果
AHF-DRAGON-Y-8,"8"" YELLOW DRAGONFRUIT 黄色龙珠果",B2B-678YDF,5019 6 7 8 YELLOW DRAGON FRUIT 黄龙珠果
AHF-AVOCADO-28,"28"" AUS HASS AVOCADO 澳洲粗皮牛油果",0003,"28"" AUS. HASS AVOCADO 粗皮牛油果"
AHF-AVOCADO-MEX,"70"" MEXICO AVOCADO 粗皮牛油果",0012,"70"" MEXICO AVOCADO 墨西科牛油果"
AHF-LONGAN-11KG,11kg LONGAN 龙眼,5016,11kg LONGAN 龙眼 (ctn)
AHF-LONGAN-ORG-12,12 x 1kg LONGAN 有机龙眼,5016.1,"1 X 12"" LONGAN 龙眼"
AHF-BANANA-18KG,DEL MONTE / ALOHA BANANA (18kg),5001,DEL MONTE BANANA (18kg) 菲力宾香蕉
AHF-PINEAPPLETHAI,"9"" THAI. GOLDEN PINEAPPLE 泰国黄梨",5031,"9"" THAI. GOLDEN PINEAPPLE 泰国黄梨"
AHF-PINEAPPLE-7,"7"" IND PINEAPPLE 印尼黄梨",5021.1,"7"" IND. PINEAPPLE 印尼黄梨"
AHF-KIWI-GREEN,78” ZESPRI GREEN KIWI 青奇异果,0002,"78"" ZESPRI GREEN KIWI 青奇异果"
AHF-KIWI-GOLD-JUMBO,"31"" ZESPRI JUMBO GOLD KIWI 特大金奇异果",0007.2,"31"" ZESPRI JUMBO GOLD KIWI 特大金奇异果"
AHF-KIWI-GOLD,44“ ZESPRI GOLD KIWI 金奇异果,0007,"44"" ZESPRI GOLD KIWI 金奇异果"
AHF-PLUM-AMBER-10KG,10kg AUS AMBER JEWEL PLUM 澳洲红宝石李子,9060,PLUM 李子 (kg)
AHF-PLUM-RED-10KG,10kg AUS RED PLUM 45mm 澳洲红李子,1019.1,10kg AUS. RED PLUM 澳洲红李子
AHF-STRAWBERRY-KR-330,KOREAN STRAWBERRY 韩国草莓 (330g),9034-R,KOR. STRAWBERRY (330g) 韩国草莓
AHF-STRAWBERRY-250,EGYPT STRAWBERRY 埃及草莓 (250g),9069.2,EGYPT STRAWBERRY 草莓 (250g)
AHF-BLUEBERRY-J-200,JUMBO BLUEBERRY 大蓝莓 (200g),w-s19,JUMBO BLUEBERRY 大蓝莓 (pkt)
AHF-BLUEBERRY-J-125,JUMBO BLUEBERRY 大蓝莓 (125g),w-s19,JUMBO BLUEBERRY 大蓝莓 (pkt)
AHF-BLUEBERRY-125,BLUEBERRY 蓝莓 (125g),9024,BLUEBERRY (pkt) 蓝莓
AHF-STRAWBERRY-KR,4 x 330g KOREAN STRAWBERRY 韩国草莓,1027,4 x 330g KOR. STRAWBERRY 韩国草莓
AHF-STRAWBERRY-USA,12 x 250g USA. STRAWBERRY 美国草莓,1001.8,12 x 250g USA. STRAWBERRY 美国草莓
AHF-BLUEBERRY-J-10,D/C 10 x 200g JUMBO BLUEBERRY 大蓝莓,AHF-CADIME,1003.12 10 x 200g JUMBO BLUEBERRY 大蓝莓
AHF-BLUEBERRY-J-12,D/C 12 x 125g JUMBO BLUEBERRY 大蓝莓,AHF-BLUEBERRY-J-10-2,
AHF-BLUEBERRYJ800,18mm 8 x 200g JUMBO BLUEBERRY 大蓝莓,1003.5,18mm 8 x 200g JUMBO BLUEBERRY 大蓝莓
AHF-HAMIGUA-1,CHINA HAMIGUA MELON 哈密瓜 (pc),B2C-HAMI,
AHF-ROCKMELON-1,ROCKMELON 澳洲蜜瓜 (pcs),9005,ROCKMELON 澳洲蜜瓜 (pcs)
AHF-HAMIGUA-4,"4"" CN HAMIGUA 哈密瓜",AHF-4HAMI,
AHF-ROCKMELON-6,"6"" AUS. ROCKMELON 澳洲蜜瓜 [LP]",AHF-RMELONHP,6001 6 AUS ROCKMELON 澳洲蜜瓜 HP
AHF-EMPEROR-1,CHINA EMPEROR TANGERINE 王帝桔 (kg),3033.16,8kg CN. TANGERINE 中国王帝桔
AHF-SUNKIST-S,USA NAVEL ORANGE 美国肉橙 (S),AHF-40SAORA,3000 40 SA NAVEL ORANGE 非洲肉橙
AHF-SUNKIST-L,USA NAVEL ORANGE 美国肉橙 (L),9067,ORANGE (pcs) 橙子
AHF-LEMON-EGY-S,SA./EGY. LEMON 埃及柠檬,9013,LEMON (pcs) 柠檬
AHF-ORANGE-EGY-1,EGYPT VALENCIA ORANGE 埃及水橙 (pc),9067,ORANGE (pcs) 橙子
AHF-ORANGE-CN-S,CHINA ORANGE 中国肉橙 (S),AHF-ORANGE-EGY-1,
AHF-ORANGE-CN-L,CHINA ORANGE 中国肉橙 (L),AHF-ORANGE-EGY-1,
AHF-USAPROS-72,"72"" USA. PROSPECT NAVEL 美国肉橙",3001.3,"72"" USA. PROSPECT NAVEL 美国肉橙"
AHF-USAPRO-56,"56"" USA. PROSPECT NAVEL 美国肉橙",3001.2,"56"" USA. PROSPECT NAVEL 美国肉橙"
AHF-LEMON-EGY-100,10kg CHINA FRAGRANT LIME 香水柠檬,9029,10kg CHINA FRAGRANT LIME 香水柠檬
AHF-LEMON-SA-88,"88"" SA. LEMON 非洲柠檬",3025,"88"" SA. LEMON 非洲柠檬"
AHF-ORANGE-EGY-72,"72"" EGYPT ORANGE 埃及橙",AHF-72EORA,3037-13 72 EGYPT ORANGE 埃及橙
AHF-ORANGE-CN-72,"72"" CHINA ORANGE 中国肉橙",3019.1,"72"" CHINA ORANGE 中国橙"
AHF-ORANGE-CN-40,"40"" CHINA ORANGE 中国肉橙",3034.1,"40"" CHINA ORANGE 中国橙"
AHF-GRAPE-AUS-1,AUSTRALIA RED GRAPES 澳洲红葡萄 (kg),9021,RED GRAPES 红葡萄 (1kg/pkt) 
AHF-GRAPE-SA-BLACK-500,SOUTH AFRICA BLACK GRAPES 非洲黑葡萄 (500g),7002.1,10 x 500g SA. BLACK GRAPES 非洲黑葡萄
AHF-GRAPE-MUSCAT-500,CHINA MUSCAT GRAPES 中国阳光玫瑰 (500g),9020.2,GREEN GRAPES (500g/pkt) 青葡萄
AHF-GRAPE-EGY-RED-500,SA/EGYPT RED GRAPES 埃及红葡萄 (500g),9012.2,RED GRAPES 红葡萄 (500g/pkt) 
AHF-GRAPE-CN-BLACK,10 x 500g CN. BLACK GRAPES 中国黑葡萄,7002.9,10 x 500g CN. BLACK GRAPES 中国黑葡萄
AHF-GRAPE-MUSCAT,10 x 500g CN MUSCAT GRAPES 中国阳光玫瑰,AHF-10MUSCAT,7002.5 10 x 500g CHINA MUSCAT 杨光葡萄
AHF-GRAPE-EGY-RED,10 x 500g SA/EGY RED GRAPES 非洲/埃及红葡萄,7001.2,10 x 500g SA. RED GRAPES 非洲红葡萄
AHF-CONFERENCE-1,NETHERLANDS CONFERENCE PEAR 荷兰耙,4013,HOLLAND CONFERENCE PEAR 荷兰耙 (pc)
AHF-SA-PEAR-1,SOUTH AFRICA PEAR 非洲耙 (L),9036,PEAR (pcs) 耙/梨
AHF-YALI-1,YALI PEAR 鸭梨,9039,YA LI 鸭梨 (pcs)
AHF-GOLDEN-1,GOLDEN PEAR 黄金梨,AHF-GOLDEN33,4006.2 33 GOLDEN PEAR 黄金梨
AHF-NAMSHUI-M,NAMSHUI PEAR 南水梨 (M),AHF-NAMSHUI-28,4019 28 NAMSHUI PEAR 南水梨
AHF-NAMSHUI-L,NAMSHUI PEAR 南水梨 (L),AHF-NAMSHUI-28,4019 28 NAMSHUI PEAR 南水梨
AHF-CONFERENCE,HOLLAND CONFERENCE PEAR 荷兰耙,AHF-CONFERENCE-1,
AHF-SA-PEAR-70,"70"" SA PEAR 非洲耙",AHF-SAPEAR70,4002 70 SA PEAR 非洲耙
AHF-YALI-80,"80"" YALI PEAR 鸭梨",4005,"80"" YA LI 鸭梨"
AHF-GOLDEN-36,"36"" GOLDEN PEAR 黄金梨",AHF-BENEGOLDEN36,4006  BENE 36 GOLDEN PEAR 黄金梨
AHF-NAMSHUI-28,"28"" NAMSHUI PEAR 南水梨",4019,"28"" NAMSHUI PEAR 南水梨"
AHF-NAMSHUI-24,"24"" NAMSHUI PEAR 南水梨",KSM,"24"" NAMSHUI LI 南水梨"
AHF-FRAGRANT-XXL,FRAGRANT PEAR XXL (7kg) 大香梨,4007,FRAGRANT PEAR XXL (7kg) 大香梨
AHF-ROCKIT-5,NEW ZEALAND ROCKIT APPLE 纽西兰小苹果 (5pcs),9041.2,ROCKIT APP 乐淇苹果 (TUBE)
AHF-GREEN-SA-1,SOUTH AFRICA GREEN APPLE 青苹果,9011,GREEN APPLE (pcs) 青苹果
AHF-ENVY-M,NZ. ENVY APPLE 美国ENVY (M),AHF-ENVY-72,2021.2 70 NZ ENVY APPLE 新西兰爱妃苹果
AHF-ENVY-L,NZ. ENVY APPLE 美国ENVY (XXL),AHF-ENVY-72,2021.2 70 NZ ENVY APPLE 新西兰爱妃苹果
AHF-FUJI-CN-S,CHINA FUJI APPLE 中国双红富士苹果 (S),AHF-FUJI-HH-32,2008 32 FUJI APPLE 中国双红富士苹果
AHF-FUJI-CN-M,CHINA FUJI APPLE 中国双红富士苹果 (M),AHF-FUJI-HH-32,2008 32 FUJI APPLE 中国双红富士苹果
AHF-FUJI-CN-L,CHINA FUJI APPLE 中国双红富士苹果 (XL),AHF-FUJI-HH-32,2008 32 FUJI APPLE 中国双红富士苹果
AHF-ROCKIT-16X5,"16 X 5"" ROCKIT APPLE 纽西兰小苹果",AHF-ROCKIT-15X5,R 16 x 5 ROCKIT APPLE 乐淇苹果
AHF-GREEN-SA-135,"135"" SA GREEN APPLE 青苹果",2003,"135"" SA. GREEN APPLE 非洲青苹果"
AHF-ENVY-72,"70"" NZ. ENVY APPLE 新西兰爱妃苹果",2021.2,"70"" NZ. ENVY APPLE 新西兰爱妃苹果"
AHF-ENVY-28,"28"" USA ENVY APPLE 美国ENVY",2033,"28"" USA. ENVY APPLE 美国爱妃苹果"
AHF-FUJI-HH-28,"28"" FUJI APPLE [HH] 中国双红富士苹果",2007,"28"" FUJI APPLE [HH] 中国双红富士苹果"
AHF-FUJI-BAOXIANG-100,"100"" FUJI APPLE [BX] 中国双红富士苹果",2017.11,"100"" FUJI APPLE [BX] 中国双红富士苹果"
AHF-FUJI-BAOXIANG-88,"80"" FUJI APPLE [HH] 中国双红富士苹果",2009,"80"" FUJI APPLE [HH] 中国双红富士苹果"
AHF-FUJI-BAOXIANG-72,"72"" FUJI APPLE [BX] 中国双红富士苹果",2017.2,"72"" FUJI APPLE [BX] 中国双红富士苹果"
,OMAKASE FRUIT BOX 水果礼盒 - PREMIUM,OMA,OMAKASE 水果盒
,OMAKASE FRUIT BOX 水果礼盒 - SIGNATURE,OMA,OMAKASE 水果盒
, ,OMA,OMAKASE 水果盒
AHF-FRAGRANT-XXL-1,FRAGRANT PEAR XXL [KS REDBOX],AHF-FRAGRANT-XXL,4007 KS FRAGRANT PEAR XXL 7kg
B2C-TWMG,TAIWAN AIWEN MANGO (pc),B2C-MANGO-THAI,9028 MANGO pcs 芒果
AHF-12SPDPEACH,12 x 500g SPAIN DONUT PEACH 西班牙扁桃,AHF-12SDPEACH,1013 12 x 500g SPAIN DONUT PEACH 西班牙扁桃
AHF-USAS,8.6kg USA. GREEN GRAPES [H/P] 美国青葡萄,AHF-USGNGRAPES,7002.14 8 6kg USA GREEN GRAPES H P 美国青葡萄
AHF-2KGSL,2kg SEEDLESS LYCHEE 无子荔枝,AHF-2.5KGSL,5010 2 5kg SEEDLESS LYCHEE 无子荔枝
AHF-36PSPEACH,"36"" USA WHITE PEACH 美国白桃",AHF-36USPEACH,7008.1 36 USA WHITE PEACH 美国白桃
AHF-SAPEAR42,"42"" SA. PEAR 非洲耙",AHF-SAPEAR70,4002 70 SA PEAR 非洲耙
AHF-USAPINKBLUE125,125g USA PINK COSMO BLUEBERRY 粉红蓝莓,AHF-USAPINKBLUE,1003.11 12 x 125g USA PINK COSMO BLUEBERRY 粉红蓝莓
AHF-9RUSRAINER,4kg 9R USA RAINIER CHERRY 美国白车厘子,AHF-9RUSR,1010.05 4KG 9R US RAINIER CHERRY 白车厘子
B2B-678YDF-2,"8"" YELLOW DRAGONFRUIT 黄色龙珠果",B2B-678YDF,5019 6 7 8 YELLOW DRAGON FRUIT 黄龙珠果
AHF-80MMWG,8kg 80mm CN. WOGAM 中国沃柑,AHF-WOGAM-3,WG6 8kg 80 85mm CHINA WOGAM 沃柑
B2C-REDGRAPES,USA. RED GRAPES 美国红葡萄 (kg),AHF-USARED,7001.8 8.6kg USA. RED GRAPES 美国红葡萄
